14,nombre10,descripcion10,100,50,2016-08-10 21:16:31,2016-08-12 23:51:50
15,nombre2,descripcion2,20,10,2016-08-11 23:36:30,2016-08-11 23:36:30
16,nombre3,descripcion,15,25,2016-08-12 23:51:31,2016-08-12 23:51:31
17,nombre4,descripcion 4 ,40,44,2016-08-12 23:56:08,2016-08-12 23:56:08
18,nombre5,description5 ,50,50,2016-08-13 00:02:03,2016-08-13 00:02:03
19,nombre 1,Description1,1,1,2016-08-13 00:02:20,2016-08-13 00:02:20
20,nombre6,description6,60,60,2016-08-13 00:03:31,2016-08-13 00:03:31
21,nombre7,desc7,7,70,2016-08-13 00:03:48,2016-08-13 00:03:48
22,nombre8,desc,8,80,2016-08-13 00:04:11,2016-08-13 00:04:11
23,NOMBRE9,DESC90,9,90,2016-08-13 00:04:29,2016-08-13 00:04:29
24,NOMBRE11,descripotion11,11,110,2016-08-13 00:04:52,2016-08-13 00:04:52
